<?xml version="1.0" encoding="UTF-8"?>
<project-private xmlns="http://www.netbeans.org/ns/project-private/1">
    <editor-bookmarks xmlns="http://www.netbeans.org/ns/editor-bookmarks/2" lastBookmarkId="0"/>
    <open-files xmlns="http://www.netbeans.org/ns/projectui-open-files/2">
        <group>
            <file>file:/C:/Users/Hoang%20Hung/Documents/GitHub/cis2151-Winter2021-hoanghung5892/HungHoang_Project_1/src/hunghoang_project_1/HungHoang_Project_1.java</file>
            <file>file:/C:/Users/Hoang%20Hung/Documents/GitHub/cis2151-Winter2021-hoanghung5892/HungHoang_Project_1/src/hunghoang_project_1/Plane.java</file>
        </group>
    </open-files>
</project-private>
